gene,A to T,A to G,A to C,T to A,T to G,T to C,G to A,G to T,G to C,C to A,C to T,C to G,

atpA,0,14,4,0,1,3,4,0,2,0,0,0
atpB,0,6,5,0,0,3,1,0,2,0,0,0
cbbx,0,21,9,0,0,8,7,0,5,0,1,0
chlI,0,7,0,0,0,0,0,0,0,0,0,0
clpC,0,5,2,0,0,3,1,0,0,0,0,0
dnaK5,0,3,3,0,0,1,0,0,1,0,0,1
psaA,0,9,1,0,0,1,1,0,2,0,0,0
psbA,0,0,0,0,0,2,0,0,1,0,0,0
psbC,0,7,2,0,0,10,2,0,1,1,0,0
psbD,0,0,1,0,0,0,0,0,0,0,1,0
psbE,0,0,0,0,0,0,0,0,0,0,0,0
psbX,0,1,0,0,0,0,0,0,0,0,0,0
rbcL,0,12,3,0,0,2,4,0,1,0,1,0
rpl16,0,1,0,0,0,1,0,0,0,1,0,0
rpl2,0,10,1,0,0,7,1,0,4,0,0,0
rpl22,0,3,0,0,0,3,2,0,0,0,0,0
rpoC1,0,6,3,0,0,1,0,0,1,0,0,0
rps11,0,9,1,0,0,2,0,0,0,0,0,0
rps12,0,4,0,1,0,1,1,0,1,0,0,0
rps13,0,3,1,0,0,0,0,0,0,0,0,0
rps19,0,1,0,0,0,0,0,0,0,0,0,0
rps3,0,12,2,0,0,2,1,0,1,0,0,0
rps7,0,10,2,0,0,2,1,0,1,0,0,0
secA,0,6,0,0,0,5,0,0,2,0,0,0
secY,0,11,5,0,0,3,1,0,0,0,0,0
ycf39,0,19,4,0,0,9,5,0,2,0,0,0
ycf4,0,3,0,0,0,1,1,0,0,0,0,0
